"#Wallet Telco214 (0b15c2fab2de6dc0), page 1 from 1, addresses 1-14. Updated to block 858677 (2024-08-27 17:49:35 UTC). Source: WalletExplorer.com"
address,balance,incoming txs,last used in block
1DXRoTT67mCbhdHHL1it4J1xsSZHHnFxYR,0,924,459751
18hvMLisvfc58PvA5rHH7NsLN9CV5ddB2x,0,48,463452
17ALN9Uoz3pYKzBmkADc56dfW3QksnEh9t,0,3,435187
17KmjvcbYo4YPDLd11ggwuFDUyCToUWsHo,0,2,421128
1Q367x66hXyBFEL6uR2KXdohLQwSHaxUwv,0,2,381934
1JUkqVu4F4jmFcFybBe8mVKigUk4S66eYi,0,2,373713
16QYwBVZgjySwXfCRYVtxmcM6u3K2ssxYn,0,2,373442
1Pv1djEWrEvfgHkr8A27nkpLigmFYttCM3,0,1,437595
1MC1JGPt64iCQNZFEvyFttSHvrXG6NWgHs,0,1,437455
1MrGqzKvEFAKSaQLfPc52DQGCVSHxiAv7j,0,1,393419
12KdyYjRNDY9b7hCCivGZZSaur3VFQnPNf,0,1,380409
1FTXmxXaqdVqG3Nr3x533Ko3itDQrdagup,0,1,379375
1Kn3T6yCcSFFd2DfQa9L3skFyRwfpdSfar,0,1,369971
18uww3NN4v8YV86NK7pourphWEcLvbuwxz,0,1,367641
