"#Wallet GreenRoadMarket (00adc4a2b0fbd07c), page 1 from 10, addresses 1-100. Updated to block 858677 (2024-08-27 17:49:35 UTC). Source: WalletExplorer.com"
address,balance,incoming txs,last used in block
1Q99AKghHJ3VEWA6UGTWJrE7icSWRhozRF,0.0087836384773254,3,526626
1FswVTPtw3RLTzDFNXub8TUQxz9a2E3ZKm,9.9986791610718E-6,3,426531
126T1unHtNk3TxQcUmQ1ho9RjLxzAAQGpj,0,9,367999
19ozmbvtdye3yidmzeibZ8fx9AmKKBTJkr,0,7,390684
1AzUpRFNQx9JWgjA5Bdb9GhBnw7VpgUeFK,0,7,388966
1LVHow4NW177KESVKykQQ5frekZwAPZ3oq,0,6,393899
1D9f5KFzZzwogPf18xAUFU3YhAh4hVZtUZ,0,6,393538
1NfrnxxPfYEiyU3WULXyCGTFyz31meP73U,0,6,388966
1NYswFy5XQf97bSnYrEsiyen3Mn8CL9dtn,0,6,385746
15zvGkns22DkJ9xBQFPfiwsWgxGe397iux,0,6,370146
1CvUiaswXV7tnDjVvog1n8d2xtDqDgUCp8,0,6,367637
12o8pPPbrcDmNN3EByiwSPF8YxWTEo8G67,0,5,390684
1NVnrnByJAtGEwJCqURESPNiP3S61nqaBr,0,5,381115
1GdpdY74zsdkBVp6DXJst334QwezcCjrhZ,0,5,379224
18Sg79FPUFZxh3pDX5VAQhY2NjwqWrNJum,0,5,374997
1EqsJMNyCA8efy5gRg6FEShauKxiwiiTeb,0,5,374997
19wPgsVLUauA5GcToNXbm1pPL7CR1F1ZSC,0,5,368445
1MXEpcjcbWcZSaKaqeCXB8VWKDid9dVm14,0,5,367637
1AYTLmCHUBLPGYssyj64ka9jdkSAypobXq,0,4,394221
1B5ArJHi4nL8Rm3UnK7cW3SxU5dz13siQ1,0,4,391418
1BZDrhSeEGq9GAgZxK6RZuVTtvKcsqZsGS,0,4,391418
1P4BirRCawun8Zyfj7jQmJFDtwEubvFmN3,0,4,391418
19FxUvHWUa1xiKsMJPFkqsFv6zKZ37CyVA,0,4,391001
19VZoM7QJEfaRWJ8oQHM8RKdXVSSxcrwXX,0,4,384061
1HWw8ugypyNHA3d1S4E5rooGLidqKA5Vi5,0,4,379224
1Lgu3g2AJ4bvdE81J9RXbNNzXvaoRWWRhr,0,4,377785
19kSi9tsBC8LRYdYZjFUGXESJ1uXRzGQjD,0,4,375989
1HkrR6LoV9CeEH3DGejYDbyLUUefqDuwED,0,4,373056
1Eai632JuMQTBVVQ4NcUyEjZFhEjbzodpt,0,4,372101
15KdSWgmTjJwL6xxvdcx5KvwP7XiFAXiL3,0,3,396150
1PFsMP9UgxoHTmCBmvGiJpMyHjULbyxd8o,0,3,395224
1PgqXGfaX4WBtzGGbkDjHbYc8hxbcTgYuJ,0,3,393538
1HiTexEdw3wFxu24qyRXGfQQXyjC9PrrDe,0,3,393320
1M16nbUxmnUsWjgpqhuvGTAmNZDQnPKVgY,0,3,391952
13CRFcfKszvA2oBL4x2B2DiTXHZhCGJhsJ,0,3,391418
1PcNW8Z5JhEd2FjYPbVZ4UtEpFstQ2cx3m,0,3,390684
1BvM3KzzRzzxELD7XouPtB3L7XVDA8bzAT,0,3,389718
1B78PKfBiRpv8okMKBnRPpc2JQArujEJ1d,0,3,388966
13EM6ukbVubBP1iLeN6m7DdtkMrYjZrakj,0,3,387955
17AnZukHu8GpUYAuvS5ULhuHNc5cZa5Xq7,0,3,387329
1CrjDAU7sTAp3wDNJ6crnRAaMSS8bQaQFb,0,3,387329
1EzEfjjomSWJSfw51bLzswoJ1a8Jp6AN2W,0,3,387329
115Qn5pR6pAFUcKwAaDNHNrkh6wXZwtNtk,0,3,386097
1BTZ6TMDdYQtdZ36teMTSjFSSKbkUtSCzV,0,3,385284
1Fs7En7vT7vvoETxdHxhiibB5d2JTe6mrH,0,3,385284
1KdCAR36JWbLidtZwLTHt9TWZuhNqZaxDK,0,3,385284
1DkPms5kEGMzXKVcR2bCpYkQHiF9bAAQLF,0,3,384061
1Gvj6R2ZwSAsWeZvSQAmFaVSTCyAdiVPBp,0,3,384061
1M73gQ1PjSEBY6p5sMz1U2ZU4ZQLfECfys,0,3,384061
1MjyJSstyTVCr2FHX6g9r6LCyhX4CVUAbj,0,3,384061
1PHB7c5T5GbmprhCGJFzFjHvS2FeCxn6Uy,0,3,384061
1Pwk1jqKGFJnnB7w5gmnpNtyJZMhLFdyAw,0,3,384061
1FSPMf3tLmj8sobyXWWdtL3wDuv8sB3RY9,0,3,383268
1HXE5vacB4KAUK8rami2rG2h9vR83rUrQS,0,3,382499
1GQmZM7EL4K9ARVf9L4y28EB6otkGr7hN3,0,3,382377
19wmnyPF8G46jcuV3GcDFK8GA5YMCcoQSa,0,3,382101
1DNCzkVE69HRSsm9HExsdni4ihph3ZdqrQ,0,3,382101
1CzTTQLVd6RpizdpHzBWmKaQtZYi9Jcaui,0,3,381749
1JypDJUnko7fdUDwYd2HdMuhyzTCqzVRFM,0,3,381426
1NZcenR7XwAEodwMTSwMdfMAn5YvMSZKBu,0,3,381426
15xH2afBB5rGaPYTHjcxPRLgwYMqcb6Jc1,0,3,381115
1K68UB6MJKfBSy4jJ7pnFQoyj6xVHzp27,0,3,380724
1AKBJtji14Agqd6oo75DzYvdvewHrLK4qM,0,3,379811
17SRTq6FpoiLUnkcc54kqTaQSiPEXniNzP,0,3,379224
17YsYQgdvSwKLy669qSxWaUu7bKXtGC4R1,0,3,377785
1FrmqANqzWKwk44u5mUa2odxP3YfFKiXzo,0,3,377136
1GLnQywoHSt8sBQ6CcMho4ayDc2QZrZf2F,0,3,375989
15k2xcm5LqqVJZf61pEjeUEfb3RLWYjVc1,0,3,375414
12jrbZ7GSc6qixU2GS8eNy5yjjBGSwEv4c,0,3,374997
1FsxhSJviekwRJH9axU7PTLxbXeXbU8dzv,0,3,374674
1NWHpMkCKAc82P5BV8iNS8m2PkjGBZLUHe,0,3,374377
149iHKHpVT6dtG6k1oCQ3VD6KTqvEsc4MX,0,3,374044
1644CrQSfJ63PeWxBzQjK2Ro818D3UoRUc,0,3,374044
164cxtterVWQHP5D2Tk5Vq9z66323YY3yn,0,3,373506
1BMXE2MJfkLA761MeLCs1gDCBbKqAjmnbg,0,3,372595
1KHTDUBbBCZjhH8qYjmUH5KdeHs6pJvKq6,0,3,372444
1G9wgYYZsmtyyjUjBjSpkB2DZGyVWpcVpS,0,3,371219
1EbbSC4SMkxnzXomX4HG7AX5ffShJvvH2d,0,3,370146
1DLcU2Ao6jTMp9tGNk8jdBZyp3ijJRzmQM,0,3,367999
1P2vecdNBzUxodML3v2TUALMTKmRoCm7j,0,3,367637
1NdFmMLZK8zTHuSUKoxPBZF1FmjmFNY9wU,0,3,366850
1QD1SnSvQFvpgAg3sytXqWbN3RxmgFcg8z,0,2,396150
1DwzEyNuyGjJNzFBg9ncpZXRUY5F2MEfxQ,0,2,395477
1K9ebtFk1on2oUUFxwHtGyJjwpxbZh9rGB,0,2,395224
1EWyzrcnZMNEwQWxVqRZTbKU896QubJx1g,0,2,394633
16FergY38uH173BefTQ1dW6J7LwVjZtNzA,0,2,394221
156uSmsbferhyY9HJZizAC4MdmW7GRxXWL,0,2,393899
17FwAcpGjsyDSFZcYctGXGA7Mkw39bDgQX,0,2,393899
1BfUcdiSkiuZ3vo1ZDgh1vg31pi7qtymUb,0,2,393899
14azguTiz7xw5ZDVtP5y5H3SNWjHnYpc5R,0,2,393538
1NP79apP15N7HS6wNM6CguY7gt55uBpgrg,0,2,393538
1Nbwj4R8fmnJRMmVxxeWDXqT1P7RcmVGXq,0,2,393538
1GRB5hkE2LtScxJePxrwFHjVaQP13ViwQ7,0,2,392579
15JZypMDQeLpikVbXkRAD3dg9NKoV1Df7K,0,2,391418
1Jv5VZmLUntp9TrRBS6gDc5nXnXbo8Rj5n,0,2,391418
1MSwypgePcAR2i6bSeHcSJWcbiFSQ3ASEy,0,2,391001
18AnHbffsy45BqDtvG7mnXRPEmVKpCZvdi,0,2,390684
18XsGj65V6HjANtbScJ53Mb2g3b6Qm7s4X,0,2,390684
19Ha8xToR1VdSu2hrXtYqUrKvwKYPYJYC9,0,2,390684
1G5nFwrVW2iMidY7XEX4iSaUoFLspSf58e,0,2,390684
