"#Wallet MineField.BitcoinLab.org (005b85a916e52780), page 1 from 3, addresses 1-100. Updated to block 858677 (2024-08-27 17:49:35 UTC). Source: WalletExplorer.com"
address,balance,incoming txs,last used in block
19mS9jJD5srCNwDVJetQRrUYnnhWQGmJc,0.00010000169277191,10,379018
1AHmJaSz1QhrjhqZQxTcerKE5BJe7Giihu,0,5,322920
1CcXYM64tzqqAKZ4oJnTcmgmmHp5dck5s2,0,3,324408
14RUy4CCMkWbRmjTb2p4JvR228CuhRwvmu,0,3,322663
1haeH6Xmrdo4gBmx7MbQkDsDH5KbqU16m,0,2,329564
1NVCrUanaaUKuZ6FJtKh3F79S5NiefLEUg,0,2,325904
12NZetq9bVeDGgtgdUwvjPb29DkowyqUdG,0,2,324408
179YipG2ah3LpLX1qvW75EjCeS342R4PRL,0,2,324408
1DT9Ss79LbyDJqqx8MQnzvpvTgq2dSRkDX,0,2,324408
18LEQWHzxX1pfjy2vZN4md1bb6SqtS4mYN,0,2,324289
1LH3Q5Ee8yd69wbY9vAkbubParpDsBQAbe,0,2,324289
1Q3KBsp89pSjR7RfGV3syM4pLRg3x9urnb,0,2,324289
1Ks7A9ng848zdYT5S99CrNjBw7hwp41k8P,0,2,322920
1GHtvf2Vm6d65SXEePUSoSw35ZT2nhk3AM,0,2,322611
12YDVDvPv4geVNifoXK2htoDH4sjfJ8JVg,0,2,322523
14mUgg5oCsfFvUqYLf9BZkeCxiEnMTWs7M,0,2,322523
17N7R4DTh2BmFKWwSxiUpsuZGf7mRcV1uq,0,2,322523
1kEuU2S9YQMJ27TXqWwiMcBXPYWENAW2Z,0,2,322523
19c4NyLsi2NZHQVYGuEhmM7WSfLW2613AC,0,2,322399
1CgEkegiZ17zFDJEWdx3HKsiw7Dryc8MAN,0,2,322399
1NfNLPh1AdtghvFxwgY2ZQ9aN71gpXnUtC,0,2,322399
1Gma57ZqbmqPj8byFAnL97QtZmQCorQNcT,0,2,318309
12gSoXYX4SgJTToqgBY2jqqKUwASTHptAi,0,2,318059
1Dmk8bTihfG6K3GXWH5qDLx79V2BXNuNX5,0,2,318059
12jQpv6GciSHdYCH9jUp92HXSRYyndFJc6,0,1,329564
15Nyh6qoFjPFkvKMYqRQ9bEvj6aM81mNfa,0,1,329564
17ocgFJSNDBYj83cf7Kkk4bFJodfp2x7Tn,0,1,329564
1Ai3kkJaMQvSs6xoTmA5yCyrTp6WxT9MLG,0,1,329564
1EQTaj1Lrw7jkxGcmjMme8oihnisMGPqkH,0,1,329564
1NKzWbyEU23zC7wvJSx9DSrJd4k2z2TVXC,0,1,329564
14UBsZ3T1fs7oFFDDjwx2nNFEYns5uXCM3,0,1,329185
1KHzYifcfbqPrqqExJRdco47kwYsmUSdCB,0,1,329185
1Lnzw7SaX9BkeEeK5QGngFkSExssHfPcCZ,0,1,328697
1KaUaEg7FhGCBwzwqjE3zar7hmU77hqRtj,0,1,328459
1Maurhs2fXR287muiF9e2Xb4fYWUDnRvUp,0,1,328459
1PKoaSgBuPmZXNHjspjGNFpp6JvDGdUAZj,0,1,328459
1PjSG6LRNYbBFcauh27317SQZUioVzRp3n,0,1,328289
15G1U1TvK7NwsTB3oMFVXPzwQVtNETWk3z,0,1,325904
18dL6BPK2aqL8nr3BT1tzBj7ghctXtUNDH,0,1,325904
1AV2cZmoccZfjdCsbqSrAJDrCKzi7Yh7io,0,1,325904
1AYVHsLyWNtn1SaTQUi8sdyTgZqvSpTsMY,0,1,325904
1F9Z5Z4FqjBPcnqgfJpqFop3QxDtGthDXi,0,1,325904
1JvA4N7hV7gBCWzyKCxBfCqUb8ZEpWqbfx,0,1,325904
1LCQ7oK6fiXZ2xVfF4YuCXrqoqNZc5Sp1E,0,1,325904
1MgZFUTH4tyqzr1JkNNGnmUqVw9ha65ezD,0,1,325904
1ANGBVs6AZvdak2uiB97ubdhmGEyRpJyfn,0,1,325056
1J7y5D38socyVz93CwUoBEEbHrJ9FAbNNz,0,1,325056
1MYnT6tWhwoiYscAH2sKf815o2A1NLyThe,0,1,325056
1PvsuqyE8SVQY4a6eaaH5Ko9wFM3dwcYiM,0,1,325056
13Q6se4z3LwQhK8zxBa7QPQiA8WgkZHJGg,0,1,324408
16B9k5Qweqz9GBF6f4Y8kGAgYWuzAys8GL,0,1,324408
16KKGdNKQNrLcQDNHdMGEfQKSEyEUNmcAX,0,1,324408
1DSJ4zysQuL1MUoZ1CXZGDCgr9Zieqngrr,0,1,324408
1F6aJFaPZNgciqzomiFTSX8PPjbcdtpDLo,0,1,324408
1NVGmfyB6t3KxAjciiSjwxX4pAoxQ2P1ni,0,1,324408
15TYCFKRzQYhyTbXaMQhSypEQNYBGM9Z2P,0,1,324289
1Got1ua9tdfTkqY3pgpv9mET2y7QfWviZ6,0,1,324289
1HiQUUG825Hv6QqCTk24GYgxrcKiYYtDVE,0,1,324289
1KLzQW5HisYsrYSx5KPB6Nks63ZPBdbqZ,0,1,324289
1PXupeJyDfpAHDRPnt2v27dZLqdxaxYgFv,0,1,324289
12xLY9wTXvafmDJ8zFp6ANFV2tyd5PLZVH,0,1,324270
1KkCsEFJXdCPEDBxVruwUNqt3yKz9xq1mD,0,1,324270
15nfepuAWKPWF9TJH5G5dutr5NbE7TjXS5,0,1,323931
14MdRDSbz82k4n6rRV7gWncju2fEqtDw8X,0,1,323803
17hjNEb1k9RKSAtNdfEZwddERPTC717wVu,0,1,323803
18ziXDqm4LgyRspQxHTfNrMC6r8TrTYcuY,0,1,323803
1GXrGDMpYq4KYZiaSwk6edFUTcdT4CMeGq,0,1,323803
1JBh9L8bMG9w6d3iEw4sN5KCM9fe5diimw,0,1,323803
1Kk1YLZgbsCrobA6P5c2ARrHZ6uwK3q2au,0,1,323615
13YrdL8vmm14oEw3n8yP2pqDigojY9Y9QQ,0,1,322920
15QKKYMCGnDEaWiQHSSXbdB4eyAyJSF4Wd,0,1,322920
15uD8e625zjRbCHCgeewxZYtxArvfVHSfA,0,1,322920
167GLfFJR2aMkwuNi5sBJaMGERnSr9vwaz,0,1,322920
179TFKq96v24Z8kjJTwi8pE2wxGAWnjmTp,0,1,322920
17E2Q6TuLZNmwi8DvjTuAGneU5WmvWzYHF,0,1,322920
1AMVWLBTECzDYmAbWAL7R3GaAJuaDWMCp,0,1,322920
1AbuVrFttcPctPFfMwDqAETJKXYqTyJTJZ,0,1,322920
1F2sDctt3d4jyLq2xUjaYxpHXKBVmxn7uL,0,1,322920
1HhzygGEqVqUw6bEs6F1rVAcA1EMgb7cD8,0,1,322920
1Htow9kzwZkCZD8kJMJdi21Jdku4RxvKmh,0,1,322920
1JmM8rPhzCnS1vriwn9BePxjTDrkFBTu1Z,0,1,322920
1MuNU67wq7Xv8jFrxfsuDHrt6nLPb4xGbj,0,1,322920
1NnKEWbkiEXzStaqzTKivKgbuubvCX4FiS,0,1,322920
16sLpsYxaHQpXfohXSB1GoFtNXVLp55AKC,0,1,322792
18SifHkZhzraD23JN3iFThUN8ru47PjR7h,0,1,322663
1E1xBsWnuvbEJxcU2Kxu8BUZ3e58BJo3R2,0,1,322663
12zGNoWGLBkBPjXuvucLKf92qmasHuP6sH,0,1,322611
12zUt7je468r8KFmD65RkwPJwmcbH8yk3t,0,1,322611
13okL1e8L7HD9aytjU5uwdWSZxxZu6atBn,0,1,322611
14NvHuKnvcxtRpxaH3ixn2PDrWF6MzFgMm,0,1,322611
15rPQ3FsUUiBWmnZc8Af2B6HPU5SLqNabU,0,1,322611
173b31hqXQBPqfcEn2N9syAsC8HQwYaSiq,0,1,322611
179yGmttuNYv9qXaps7RJNdGQbYmWmoFFP,0,1,322611
17H5MBhTMDVP3quSMxo46WzJKH1EqPfwUn,0,1,322611
186xBiQrni1ospZdWAUN3MxgirxPNq6tX2,0,1,322611
1Bn1zFZzKF8MSEK7KKQFcp1T5d2a1asgbs,0,1,322611
1DjgDUhNP1xfjv44s3mckqERovMEXzVrHt,0,1,322611
1FPNEjDgDz1qkUnvZAY4RvRHddhhta2vrK,0,1,322611
1GYbamZKVQNKosgzAJpZaHi3bjMB3hTDvp,0,1,322611
1NTE2LdWxR7uYvhyaj5ttiap2dFBxqoDMe,0,1,322611
